component,value_bd
National-origin,3863591403.7475204
Re-export,818757219.2424201
